Feed Pressure,TMP,Permeate flow rate,Permeate Concentration,CP,Recovery Rate,Salt Rejection
8,7.25,5,0.187515399,-0.506461653,0.03030303,0.965529954
10,9.75,7.5,0.144396885,-0.18224866,0.103448276,0.97559322
15.5,15,17.5,0.066683284,0.249461025,0.212121212,0.987570093
20.5,20,26.5,0.040110246,-0.105800426,0.274611399,0.99223301
24.5,24,32.5,0.040611624,-0.727905183,0.333333333,0.992534562
31,30.25,41,0.041113002,-0.8492318,0.386792453,0.992227488
35,34.5,47,0.042115758,-0.719574,0.419642857,0.991961722
