TMP,Permeate flow rate,Permeate Concentration,Salt Rejection,Recovery Rate,CP,TMP Uncertainty,Permeate flow rate Uncertainty,Permeate Concentration Uncertainty,Salt Rejection Uncertainty,Recovery Rate Uncertainty,CP Uncertainty
10.75,5.5,0.223891649,0.976997455,0.068322981,-0.096794335,0.176776695,1.25,0.000278866,0.00032527,0.016772889,0.044421718
14.5,11.5,0.124329212,0.985037258,0.141104294,0.059838955,0.176776695,1.25,0.000278866,0.000216738,0.021755197,0.052194043
20,19,0.085197707,0.989559939,0.191919192,0.080263073,0.176776695,1.25,0.000278866,0.000153568,0.021906857,0.05320936
23.75,26,0.066870293,0.991904048,0.234234234,0.066565081,0.176776695,1.25,0.000278866,0.000120753,0.022796199,0.052528352
29,33,0.0683563,0.991661631,0.32038835,0.073502283,0.176776695,1.25,0.000278866,0.00012426,0.03218054,0.052873946
35,43,0.056963583,0.995325203,0.311594203,-0.281276829,0.176776695,1.25,0.000278866,6.8731E-05,0.023424486,0.035303049
39,49,0.052010228,0.993904209,0.318181818,0.028935987,0.176776695,1.25,0.000278866,9.29131E-05,0.021389512,0.050659478
