TMP,Permeate flow rate,Permeate Concentration,Salt Rejection,Recovery Rate,CP,TMP Uncertainty,Permeate flow rate Uncertainty,Permeate Concentration Uncertainty,Salt Rejection Uncertainty,Recovery Rate Uncertainty,CP Uncertainty
10.75,5.5,0.223891649,0.976997455,0.068322981,-0.146452788,0.176776695,1.25,0.000278866,0.00032527,0.016772889,0.095897237
14.5,11.5,0.124329212,0.985037258,0.141104294,0.058002464,0.176776695,1.25,0.000278866,0.000216738,0.021755197,0.112661808
20,19,0.085197707,0.989559939,0.191919192,0.077268062,0.176776695,1.25,0.000278866,0.000153568,0.021906857,0.10884047
23.75,26,0.066870293,0.991904048,0.234234234,0.064347306,0.176776695,1.25,0.000278866,0.000120753,0.022796199,0.107458785
29,33,0.0683563,0.991661631,0.32038835,0.072386183,0.176776695,1.25,0.000278866,0.00012426,0.03218054,0.108161912
35,43,0.056963583,0.995325203,0.311594203,-0.278536938,0.176776695,1.25,0.000278866,6.8731E-05,0.023424486,0.072375282
39,49,0.052010228,0.993904209,0.318181818,0.030362341,0.176776695,1.25,0.000278866,9.29131E-05,0.021389512,0.103667161
