Feed Pressure,TMP,Permeate flow rate,Permeate Concentration,CP,Recovery Rate,Salt Rejection
3,2.95,5,0,-0.734452632,0.011363636,1
5,4.5,9.5,0,-0.723086551,0.028831563,1
11.5,10.5,19.5,0,-0.722448522,0.036482694,1
14.2,13.3,25,0,-0.721681673,0.055555556,1
20.7,19.85,37.5,0,-0.728459951,0.067873303,1
26,24.85,47.5,0,-0.731678714,0.208791209,1
30,28.85,54.5,0,-0.735003084,0.0948651,1
