Feed Pressure,TMP,Permeate flow rate,N,Permeate Concentration,CP,Recovery Rate,Salt Rejection
5,4.5000000000000000,9.5000000000000000,9.5000000000000000,0.0000000000000000,-0.0033927056827821,0.0288315629742033,1.0000000000000000
11.5,10.5000000000000000,19.5000000000000000,19.5000000000000000,0.0000000000000000,0.0020664714999139,0.0364826941066417,1.0000000000000000
14.2,13.3000000000000000,25.0000000000000000,25.0000000000000000,0.0000000000000000,0.0044897254360215,0.0555555555555556,1.0000000000000000
20.7,19.8500000000000000,37.5000000000000000,37.5000000000000000,0.0000000000000000,0.0038003109345309,0.0678733031674208,1.0000000000000000
26,24.8500000000000000,47.5000000000000000,47.5000000000000000,0.0000000000000000,0.0048384309659583,0.2087912087912090,1.0000000000000000
30,28.8500000000000000,54.5000000000000000,54.5000000000000000,0.0000000000000000,0.0044912765589912,0.0948651000870322,1.0000000000000000
3,2.9500000000000000,5.0000000000000000,5.0000000000000000,0.0000000000000000,0.0034620045006057,0.0113636363636364,1.0000000000000000
